x1,x2,x3,y
0.6888437030500962,0.515908805880605,-0.15885683833831,56
-0.4821664994140733,0.02254944273721704,-0.19013172509917142,2
0.5675971780695452,-0.3933745478421451,-0.04680609169528838,1
0.1667640789100624,0.8162257703906703,0.009373711634780513,52
-0.43632431120059234,0.5116084083144479,0.23673799335066326,1
-0.4989873172751189,0.8194925119364802,0.9655709520753062,4
0.6204344719931791,0.8043319008791654,-0.37970486136133474,146
0.4596634965202573,0.797676575935987,0.36796786383088254,50
-0.055714569094573285,-0.7985975838632684,-0.13165632909243263,0
0.2217739468876032,0.8260221064757964,0.9332127355415176,14
-0.04598044689456593,0.7306198555432801,-0.47901537921608117,33
0.6100556540260447,0.09739860767117858,-0.9719165996719621,38
0.43940937280790826,-0.2023529155514625,0.649689954296466,2
0.3363064024637017,-0.9977143613711434,-0.012844267069350712,0
0.7352055509855617,-0.512178246225736,-0.3495912745052199,1
0.7409424642173092,-0.6178658169952189,0.13502148124134372,4
-0.5227681427695596,0.9350805005802867,0.6063589385597401,6
-0.10406085712885926,-0.8391083628949292,-0.3598907906549085,0
0.01588128504114783,0.8656676484538135,-0.7818843081377926,77
0.10253449218110244,0.4131228197337793,0.09488182265684753,11
0.628933726582672,0.08056721394064792,0.9276770919476018,7
0.20637125592276595,0.1752341283508727,-0.11002194744896765,6
0.19257372316621257,-0.2301977080546791,0.15130202832977702,1
-0.419340995194484,-0.6212173428912877,-0.6265409434888898,1
0.22554635973721338,0.31331877797925767,-0.04693801598123848,8
-0.8203512776088127,0.5152078439328736,0.7535407416455495,4
0.8467620318925613,0.6849204462803649,0.7963462427157579,49
0.8461648796403536,0.08119984989610884,-0.21740789953075024,30
0.4105667997088125,-0.44873175737574567,0.623257417015757,0
0.6989719303727342,0.7900779348533504,0.1796023670623197,79
0.8995297464642411,0.15939002149121184,-0.09887378673768965,26
0.32049075724477794,0.9925156787071454,0.8338824358949122,47
0.5866501682604484,-0.8352540236067052,0.2255662100814244,0
-0.027111596061666354,0.2602946808229456,0.6901551513430304,3
-0.5139287558762875,0.46297844158169554,-0.765731413582964,6
-0.559078926264343,0.5891659434211518,-0.3349277015606891,8
0.631826193067319,-0.7987849595678076,-0.7072830221753923,1
0.3953412803824776,-0.9095318642687753,0.14773207357833384,2
0.8200320293980794,0.06839593652144793,0.361178265124513,12
-0.9466064106755896,0.26999981982291654,0.21267683550843786,1
0.15190589606308147,-0.21758118135434623,-0.259720119329625,1
0.9610333012945373,-0.9272159247770284,-0.9567269802899518,3
0.9220625604792223,-0.6300561172051233,-0.7522096711511366,4
-0.5788469802267071,0.6014931807083619,0.8739383172891615,3
-0.9544348486626832,-0.14876233606636569,-0.7969995612516605,0
-0.48016022041433604,-0.5583414573673653,0.2938514396706451,2
-0.2994120652069354,-0.6393641969406243,0.007273010419774462,0
-0.9212425858306152,-0.7981575176220668,0.9764702974450021,0
-0.601288419065874,-0.2828893973767963,0.4631966124507212,0
0.6766531303868326,0.8369641239906629,-0.6611507878050646,251
0.34528112714610515,0.9330978060863664,-0.8838981123470027,206
0.35240356859875654,0.6908491874032328,-0.315374917842832,54
-0.49862532142977667,0.19358278693882203,-0.11537193260184209,2
-0.6503610310971177,-0.05674916980742406,-0.18018920868489086,2
0.13822547904856042,0.01720026012526632,-0.3771079979995864,7
-0.28569663481947427,0.675322348737958,-0.4981346703557259,15
0.12120043770704791,-0.9751273623413712,0.48314875482132713,0
-0.32816689105307884,-0.9086070128631667,-0.4382336715633035,0
-0.519739184347292,0.9062586796555978,-0.29554887696898513,16
-0.42424417028719996,-0.28159760549250734,0.8938116713157822,0
0.2674957044985051,0.24215369123733455,0.4312387006029126,5
-0.2239655293749887,-0.1711640234455054,0.30166572452669005,2
-0.9969515562865596,-0.6153809175106484,-0.33119661867499683,0
-0.5211680796280829,0.27479880225860054,-0.2427038593538111,3
0.7508467834260344,0.13630284182038377,-0.17118720663271136,29
-0.1954658497618409,0.40365924786735086,-0.1635468934150679,8
0.32439177794763485,-0.9064406280864035,-0.10929562056234032,1
-0.4815461531055545,-0.6846268557553783,0.05514626033522929,0
-0.0254687978619359,0.1228098512288538,0.510969534517365,0
0.7677503084974018,-0.010834659249426393,-0.37588350716625407,20
-0.06621552929495289,0.6180917147207248,0.7500326629605423,7
0.6248298647275181,-0.623997411898344,0.9988407189106607,1
0.26617751983660076,-0.8330658996485414,0.45110871092262483,1
0.9736429604102563,-0.1963663555749129,0.35703001048393657,6
-0.36764572555731534,-0.5729506758706078,0.43464828662207444,1
-0.9952848705612922,0.6454628210628315,0.056691953719585575,4
-0.8044313163986814,-0.7621922104305083,0.29853084979230715,0
0.7473076478006846,-0.4400345133462549,0.9570303735467962,0
-0.799638621872582,0.7078762191946764,-0.2066076453381911,2
-0.8373091664635317,-0.45057231316147583,-0.0940436303641714,2
0.5846830623713044,0.7227198072744723,-0.7331588915949019,154
0.04173105682839773,0.30156647629947453,-0.30589397080079705,14
0.7437276714211722,-0.4431803695672789,-0.9628513449088096,15
-0.9186734526494782,0.36199354022248653,0.11671147219409383,3
0.8930051083399919,0.8768775994698372,0.8197023548102049,113
-0.9159909360653176,0.49826964678172625,0.4026496351897193,1
0.31072372934945913,0.42471530503248345,0.8054203012386614,6
0.2802823995864483,-0.255101474055488,0.07585756746364103,0
-0.5843117926183505,0.17425100939028693,-0.9822058359018424,3
-0.6979536522720244,-0.3331832239402672,0.5792463178515652,0
0.4369988455430791,-0.32348805994664276,0.2410762166331033,1
-0.9175941009875814,-0.6722789086488481,0.9638281402506108,0
-0.4209382927282661,-0.21041603402341869,0.09696859314502682,0
-0.4131859970853269,-0.04387066169795806,-0.5205878327227522,3
-0.9034872754234111,-0.6408263019168887,0.046100463400196245,1
-0.858274231811305,-0.193661707109813,-0.34295857996902623,0
-0.17055678205711522,-0.8011993235225978,0.8173151087935611,0
-0.05199069772540721,0.6816966652553431,0.952458915298114,3
-0.3126968126844645,-0.04182696169602784,0.39919058230123694,3
-0.14692935291194353,-0.3961937675612881,0.4695019824372304,0
0.788799556429149,0.8393776888632203,0.2534840936137346,114
-0.24885730734290945,0.9491210429593882,0.2777570350009466,22
-0.8683306454453981,-0.8306608617597777,0.499739143566172,0
-0.8776876869080679,-0.9842979893374963,-0.21238409643658107,0
0.03800745740265854,-0.10291142880689086,-0.022762391145694894,4
0.16977740398654873,0.3586051347442498,-0.15392385298515499,10
-0.26333708733114825,0.9769181161985789,-0.4781669291074875,54
0.5542003090170191,-0.1375579507359117,-0.2829592359809221,2
-0.8722841021123426,0.7271578886040848,0.4040082995238743,3
0.8060214150818543,-0.09677641462626463,0.35384193363320704,7
-0.7621794268922886,-0.20409279679537318,-0.5855360531658342,0
-0.9157971442186761,0.89592270251264,-0.5682112630692857,13
-0.7072910203839886,-0.6040599128841155,-0.24393607137140494,0
0.0927825246302274,-0.6973312630542179,0.977379777971513,0
0.9659784210905642,-0.7031959658279403,-0.18818623366410225,1
0.35985896622000446,0.7553131658021903,-0.009188150177622534,57
0.8340933455196302,-0.3550793702373878,-0.0031182170184993474,10
-0.0027068162699821485,0.34013630263058836,-0.5960173824010928,10
0.21954122083356076,-0.5624538062556885,-0.319559369897936,0
0.9251329265093635,0.7980160760620152,0.6362367618355882,106
-0.9290634762479755,-0.7032662350761405,-0.4862361758561924,0
0.5683331363783084,0.6846666541547344,0.16589636049244305,65
0.4362633035536587,0.6141107599501516,-0.8672817379244295,108
-0.8307137263338598,0.7377906280087569,-0.9211683412439424,7
-0.5498186926470079,-0.9187359467081981,-0.9694297200605464,0
0.6879093713848157,-0.3388112654998394,-0.6786198794745588,14
-0.702361019422181,0.3121673235406739,0.9371965433854141,2
0.009999385211356682,0.8021809537680098,0.0048571979048550595,39
0.14774495498309848,0.3571427135787182,0.6102199780642741,4
0.5156927645227651,0.9810651254111245,0.49393077830026555,103
0.8115614467057326,-0.5877903358688334,0.07083260865716201,4
0.19722852733493812,0.6513932343207076,-0.035572873868167765,29
0.5820804234181911,-0.2228622196997716,0.17277691116289917,5
0.7026332149621357,0.5961189422083166,0.3139691037722683,48
-0.9995186069496662,-0.6360621556275778,0.013715573702255401,0
-0.49108120303324143,-0.8687583134545385,0.7197668442429233,0
0.8858940426263262,-0.39439024370193265,-0.18385366523027846,5
0.6200750676345739,-0.8754824822575538,0.2819697251249005,0
-0.7453583741344258,-0.4258233200095496,0.6598813732568121,0
-0.8889459082206772,-0.9281323331396221,-0.16426791040741096,0
-0.016338081807472093,0.7266503662164017,0.43437749269037895,18
0.34708761719906933,-0.6972524552004264,0.9734118484373664,0
-0.17771960742503734,0.22354172864971988,-0.22663398893352849,8
-0.9059341683763191,-0.05822158190386961,-0.6972644922103275,1
-0.935069075252112,0.2348008473620109,0.25993258243667117,0
-0.7894143506872702,0.09828753246355437,-0.3066640467200634,1
-0.2331718536702252,0.5528397973993566,-0.019360644951508688,4
0.7625532308244827,0.2202394858124468,-0.06562316992385941,19
0.26462528011076913,-0.32426924034249516,-0.7513524149434951,6
0.36505923738504764,0.2440748854933139,0.577132982747727,3
-0.7457817501057824,0.8235666362590444,0.598682422843628,5
0.8337748161820187,0.7450694435469338,0.36201289271411397,94
0.6205016988747178,0.03801461846280363,0.5709782987213303,6
-0.6217450642856299,0.5642282127145883,-0.11084079188731866,6
0.5132324425947301,-0.08905952637562442,0.5791174565555663,2
-0.8493208295628796,-0.9107181891511751,0.8685791647431353,0
-0.02766979850252982,0.8021427992978094,0.8895665037641403,12
0.33302230491126705,0.1435936521869492,-0.5680412317863817,18
-0.8130475614019836,0.6387884301645463,0.7775441352639756,0
0.5587914213897713,0.39700486546324987,-0.15977776785035847,41
-0.3893768199460872,-0.773110208724582,-0.148059503855674,1
0.13202594849551486,0.8457611662750251,0.8715095386619063,20
-0.16871760691817372,-0.8015780238038086,0.5476374649428868,1
0.46855868331423167,-0.9385983080961877,-0.10656280173232702,0
0.3728362085971162,-0.9397315308954601,0.8385647068032274,0
0.9244849730208384,0.44508554417768,-0.8429229206963924,148
-0.8593410682472886,-0.2814933703575262,-0.9412449844860271,1
-0.30424454543132096,-0.980071517374068,0.9486470256819357,0
0.6380133981377254,-0.8589647770436253,0.7868701836957206,0
-0.5840439199919687,-0.5904184034613,0.3475182910576682,1
0.8765245363250962,-0.7536237575415252,-0.9856308654954591,4
-0.26173970565994864,-0.9506999711276884,0.20969647516106216,0
0.7183512172384177,-0.6260165951542844,-0.7752179283396319,9
-0.3111007853227783,0.9183430412146276,-0.7396846111426318,64
0.9330385209339875,-0.2755202601103015,-0.053259194479776895,10
-0.41473602807005294,0.8742536884309395,0.9162957899749951,4
0.27183141301548686,-0.6319088996496889,0.9859035772205742,0
-0.794839120906176,0.1616987631881608,-0.6871938798339825,2
0.7953506283004113,0.8913567829912303,0.6087805960002157,92
-0.36821716266375115,-0.5143226200840296,0.5097168264380756,0
-0.417880961709292,-0.16042924429184935,-0.9074886461947174,2
-0.7355323791323869,-0.9589007587164466,-0.8441577598129284,0
-0.8535777012702783,-0.1595365956517063,0.10155435527487566,0
0.48175763974184393,-0.715433052315168,-0.15562250766116237,2
0.27393207482344084,-0.8308886103621349,-0.11037768970759232,0
-0.26148792152040445,0.8978638578833236,-0.8842857721979656,57
-0.18274755763370387,-0.1655490404075899,0.45636100919935596,0
-0.3586579942509922,-0.592019448107532,-0.41337668966738983,1
-0.05822491510128258,0.9005366591432422,0.5930340455266128,18
-0.44605950844051345,0.11636317678609265,0.37640060713706647,0
0.5913143113642645,-0.10767123210030483,-0.20244618974058803,3
0.535281485642557,-0.13656700887177586,-0.5040846622059898,8
-0.09310593693870461,0.8742092925809122,-0.7148650235627974,43
-0.07512929094557586,0.2746070487275629,-0.03342402346379947,3
-0.5927201912592601,-0.9963136787686682,0.397983423606878,0
0.237471036046905,-0.9844467011282716,-0.4028797579637584,0
0.537268519085683,0.2578407570892418,0.09041623188794445,14
-0.6875577803819022,0.4125880859993769,-0.0571301565683926,1
0.3563574924719273,0.5201796734469843,-0.5352745571175097,52
0.5239900261954233,-0.4398232306232215,0.968030274236491,0
-0.7583367784309627,0.7674360374881128,-0.9189057499132574,7
-0.48684836330371195,0.05220381752493686,0.1632323668891893,2
-0.20753002994381564,-0.7959365435458579,-0.49478382835057344,0
-0.4332069922790227,0.510445709117463,0.8175486504440141,3
0.19081983097283883,-0.9290980686179451,0.5844729432834206,0
-0.38879213432016013,-0.3202191871675131,0.06037087529082941,1
-0.5019059048488899,0.8399561757147394,-0.6728904833183742,20
-0.17033919899253447,-0.42061610098558844,0.03966820440322927,1
0.14796360616475313,0.25427937820968527,0.06275160767594556,6
-0.17839099532880098,0.2691880247529319,-0.19317424682636486,2
0.5571005181080955,0.5763548505099803,-0.41549166377835567,66
-0.25639135288845094,0.2576218118937723,-0.6858600657686857,10
0.3940638619738497,-0.23714449403857385,0.18212494951401403,2
-0.7209338015375564,0.33651677219511966,-0.2918842787726006,4
-0.05466884758553703,-0.16978519830092864,-0.04656950400981086,0
0.3893912658328884,-0.3635196463358441,0.3041089617970967,0
-0.8795557850005962,-0.3996296950755802,0.4904193803000916,0
-0.8951882438758727,0.2422843905644705,-0.9489064014643229,1
-0.05694226338019903,0.7770900874269531,-0.9797798120047922,61
0.05365604130784574,-0.867086340682274,0.7342195522989765,0
0.3725930444793293,0.4839077133628582,0.338015159891776,10
-0.9871530926037086,-0.9176442754842029,0.24175360804409318,0
0.9993702511538227,0.7462944781835859,0.3993716134507419,123
0.4541999086845796,-0.5466259547966752,0.503227868271624,2
-0.4241517902731249,-0.789079465955214,-0.07821020906648424,0
-0.33960845494076386,-0.663489202697642,-0.15658021497719066,0
0.7944019539277509,-0.12945945340366238,-0.10541620950055042,16
0.41765551488847596,0.04832374030458464,-0.7415539293160129,16
0.8207847950879399,-0.11175132767606977,0.5786754784507182,5
-0.22224973995551167,0.6136920376413839,-0.2209271679850946,8
-0.5596809566679084,-0.6076106661666627,0.8800692886750208,0
0.17306051716204007,-0.9004134698834703,-0.2233048076439017,0
-0.531941478950146,-0.8306858707814013,-0.6264882629571831,0
-0.8860190400009931,0.2761472564562053,-0.6532522703250623,2
0.22155975248705095,0.22501349578245944,0.4098474214798735,2
0.024237301222862495,-0.4311520193304035,0.7549149078570558,1
-0.2938578365529727,-0.08341135004252176,0.2637588634610928,1
0.03224859633489907,0.9129366971330675,0.9094353548762442,20
0.8595197012188527,0.8681526993305162,0.16192027113739194,178
-0.019595872539994064,0.40823363476473773,-0.569160814029064,15
-0.46825592156894347,-0.9123854927338166,-0.674284914883938,1
-0.9922509001223789,0.30925515304699625,-0.7191860219286361,1
0.5733586911521042,0.3610079917634501,0.9413515867089914,10
-0.20697102609621743,0.8427838269021055,-0.09259165536093361,19
-0.32099252032758585,-0.7953222601658925,0.7656643701437194,0
0.5895803171251737,-0.35414204692987883,-0.08851123014874207,5
-0.34971306837350347,-0.9423417669238106,-0.9112949492017661,0
-0.26259174823588216,-0.5808173437424327,0.04902920642118458,0
-0.6244299287007622,-0.5967568270671806,0.34533576263526067,0
0.47120531352343176,-0.3755358082517901,0.7199887988667453,2
-0.49072165068857876,-0.3121192474368857,0.42496078073921795,1
-0.9109941973415807,0.868366920232382,-0.8553245364247493,14
-0.07813788212387962,0.4492096519201785,-0.9050629300304038,24
0.6180053712743547,0.9577866866228277,-0.07897665440874402,206
-0.7637527274248639,-0.8370460086890401,-0.8025391276737295,0
0.5308827482729506,-0.1719743030629628,0.8384683163980622,1
-0.11872044782703095,-0.8457133797107839,-0.1461288249639987,0
0.5096557868511129,0.6586768536935899,-0.9212966269416163,138
-0.6392212174873324,-0.019973095952712017,-0.7438290440967827,1
0.7421852838843466,0.8689217768922977,-0.3608060032923648,225
-0.13031263489596,0.11410812884011312,-0.4289884178328218,4
0.08215139491912282,-0.5976299090524324,-0.40671749744617425,0
-0.11643273362464512,0.20933980438228605,0.07233005217248634,3
-0.47802404653212105,-0.5364242491638895,-0.7625395265985779,0
0.5669872717843452,-0.8021984670672391,0.4657700123587212,1
-0.5024526086738006,-0.4308860319884349,0.47216686602159874,0
0.3192415834432727,0.48384311103111655,0.030566117588722852,24
0.7181916393305414,-0.7564122172490568,0.29039392281301035,2
-0.7635113750226881,0.47456673629085633,-0.28219067708309464,2
0.3497642087422199,0.4069678268825634,0.3212169152821167,19
-0.556884039344347,0.6635997727747074,-0.519727825153065,10
0.03630659442422446,0.3492915083067025,-0.5327936504304869,22
0.25702344596787796,-0.42633790400534277,-0.6572352478312262,3
0.6194976570531541,0.10624554015472087,-0.3442305867822879,19
0.1708618944110798,-0.9494272051454233,-0.7403542864793455,2
-0.20883829660351383,0.9515131589288246,0.02094903575224638,32
-0.8470875898662096,0.5300812304989133,0.5628877418506304,4
0.5496043487897124,0.1389960760959077,0.39139747573892536,9
-0.5730841273767373,0.46512118178797657,0.6323479746831888,2
0.5199330804438385,-0.29307519482822597,0.18205610115141724,3
0.2579787149796775,0.8016197073141678,-0.783972209453333,106
0.6678675417008169,0.052871116938078444,-0.2827717588961254,19
-0.08879419701249525,-0.9747290021385224,-0.5598528153371447,0
0.30552684013600984,0.3216985595088979,-0.010602119427373768,13
0.9066517611946392,-0.03816982290105764,-0.372112680908679,16
0.6955616783912828,-0.48168340120547604,0.20861198606869902,3
0.4068377046445999,0.6433925973835684,0.5707375003654978,26
-0.23181533897257744,-0.8816393880745261,-0.9234242690331145,0
0.4529207758169189,0.9233827628137017,-0.3136692514574122,132
-0.11760980384897168,0.4515960314835532,0.31566249170775973,4
-0.4797868230317279,0.34316969159740496,-0.3901951608512324,4
-0.28728418687592305,0.07902661052618876,0.464627647853461,0
-0.6975675768640703,-0.9560255782141225,0.25565990897004376,0
-0.9508706444283275,-0.9100735185676629,-0.5484488465557329,0
0.3077537466089111,-0.8669098046279424,-0.8751884647469446,0
0.9441864887472335,-0.15469421243890036,0.7848578679857183,6
-0.566951432094472,-0.1295736410907662,-0.2839297307736899,0
-0.6461289279300617,-0.3423736284961667,0.9735916373920934,0
0.494618019590239,-0.23466344163368302,-0.18143113120013687,5
-0.47251819768986736,0.0626733571976501,0.4712738242838932,0
0.3732932315012021,-0.07470032931736093,-0.916121906567686,14
0.8430156129985371,-0.18213239380786783,-0.21940226597613677,8
-0.99377977102169,-0.7235455718361739,0.7377068350013574,0
0.027869192362605988,0.46486968844535337,-0.7036642271332829,16
-0.3398979866895011,0.6802731130757278,0.6413170423548493,3
-0.5064114638275188,-0.9560493833338555,0.6129339470912059,0
-0.6623119899211567,0.5753627842417908,0.36731845977021416,5
-0.6633704793782116,-0.8430227126601746,0.8552988598445779,0
0.19575679456678707,0.24102034611302203,-0.08497639432389259,4
-0.6998580453554228,0.2039398258931755,-0.49505423992499265,1
0.611789312035083,0.4654379096108321,-0.9454656299089765,94
0.8648460192900695,-0.9273679033466438,-0.8207613623385852,2
-0.41453087819150936,-0.6983818790597198,-0.5277098341667952,0
-0.2883810227768906,0.47099943090942764,-0.19057727847031125,9
-0.46032049054914825,-0.015373692744660827,-0.21481350042247893,4
-0.37847160502758603,0.801083315733488,0.10089690191920875,13
0.9546550219495344,0.5458248187868764,0.14099859523915392,75
-0.4751068214462719,0.3736873125776774,-0.08816456206045653,4
0.4427754300835067,-0.1924423821778769,-0.007989927364104865,0
-0.9586324651084888,0.479917004640106,-0.9314529112887386,4
0.3614507716952793,0.16400739107592432,0.5518352229762533,3
-0.4204448015251687,0.37222163024665966,-0.5858040487379237,9
0.05854400271566229,-0.3194392414976397,0.9569091027140257,0
0.943733114758637,-0.5820605290532799,0.1320764717716587,0
-0.34111462824345495,0.9370763740405619,0.8490518963731317,8
0.17229170611297917,0.44016891021698745,0.3626495134181391,9
-0.293288735113278,0.83272313875032,0.798907073632714,6
-0.3386830710438413,0.4947898212087172,-0.9818157466511028,19
0.6327182211168838,0.1297386907959992,0.9046134255019005,8
-0.273613850903651,0.2514261498067414,-0.3539951369932426,4
0.5655707628079993,0.20140599356600064,0.9749420459573785,9
-0.997974413807093,-0.7184825156837291,-0.9127972358183731,0
-0.748304302374331,0.8587705941396613,0.8972165990117897,2
-0.03917493060371258,0.8933787891895923,0.636775220376798,15
0.5572354682922198,0.4945639016063921,-0.6246908296608022,82
0.09775452220556069,-0.1522415387823104,0.8995760951957761,1
-0.6523329238663671,-0.6602823128806508,0.3177235072760298,0
-0.6851964208530343,-0.7798926540962785,0.007846394660013134,1
0.593321942440016,0.2100913432940652,0.5095079456960789,10
-0.46848293674889563,-0.43007433394141326,-0.14259271653695094,1
0.981695768531426,0.4358365130490178,0.8925079145757966,35
0.07574091147281603,0.10911970314279351,0.9801806709507679,1
-0.6200234486822385,0.5651808743431626,0.5830276480571512,1
0.6894832552362615,0.5001054184338654,-0.6893339636229059,102
0.32225526424334805,0.8474063691724527,0.12657030499196886,63
-0.2781169792394256,0.8990402972157174,0.12319730091734349,18
-0.17672721092901633,0.22826699612255386,0.6082500332629062,4
-0.543395818772699,-0.9686159139540431,0.058189794146284335,0
0.8827148401516169,0.3605159252063843,0.26181600026001295,36
0.2556302949799465,-0.006020575476564982,0.4618385394701092,5
-0.5016111199325506,0.783508527905936,-0.45105468950954664,15
0.8898900264214678,0.8529934200641804,-0.8441509519049442,500
-0.10364059751132793,0.48807256987416503,-0.1006918569838593,6
0.01779804967283094,0.6136478753434356,0.40998432189854417,9
0.9160084454458863,-0.6710280114338425,0.8471185723726424,0
0.8559725050143454,0.2694978772810437,0.8807816545941345,5
-0.4946288252291595,0.7635745668072949,0.5469585859203805,7
0.21937799942138825,-0.8187415107038749,-0.9397312925380756,1
-0.978061009011763,-0.49888388510364723,0.5247048198863633,0
-0.22674993521553377,0.5508934503104264,0.25128498186284953,9
-0.22147620175631144,0.7602932575724843,-0.9231655212836085,36
-0.069374019584312,0.6597046787856315,-0.7463730340538133,30
0.42097512302323836,-0.3437683161794367,-0.9513974428461089,6
-0.05255013822137822,0.04338547789066993,-0.9168274986523088,7
0.13183870710356138,-0.3051323240843211,-0.991013585487406,4
-0.6184532386468693,-0.7783786554426502,0.08124390946480986,0
-0.9137596739153231,0.8562651401961585,0.6901239447967451,6
0.8905952874629122,-0.3703979344271331,0.8105347771237885,2
0.9686248450400701,0.5294628685052931,-0.449834772848833,153
0.3417786082943073,0.19132630746795987,-0.19159339567111333,6
-0.38780429197114685,-0.8803036188645394,-0.7492350504870817,0
-0.7320876879897606,-0.038214270691379504,0.28378676945378967,0
0.5281369048889615,-0.9065724800555564,0.6475197452248356,1
-0.9130575534180831,0.10989366011602453,0.4882956996160215,0
0.262442743588456,0.899357351366004,-0.3106032937743286,96
0.1717667104750784,-0.8344018745313673,0.11959317586459739,0
0.6265976021525776,-0.5967909723490386,-0.4780709992656387,4
0.4008112804393875,-0.4922360661278735,-0.48150905195719007,7
0.871030575878603,0.9970860616862292,-0.6896031386156039,635
0.8003247745160007,0.10545297194747794,-0.922797715178965,37
0.17100543047437067,0.28309930134150996,-0.9324086025957814,26
0.5153838443172007,0.63560028294837,-0.8567135156260877,132
0.2967998801323577,-0.0869050381944676,-0.5225574253161578,2
-0.0826592367550314,-0.6812205804954357,-0.3326681865354073,0
0.310414599401895,-0.04702888769625324,0.11184018935508333,6
0.08688558760906062,0.6411884802232783,-0.3132344036927748,35
0.6259241815636314,-0.840025825739185,-0.1445339082547894,1
-0.295359766926256,-0.09683872258950199,0.6670196410725331,2
0.024798800975902147,0.9744932925896734,0.7229214405502136,36
-0.7623065093739558,-0.36621692887666457,-0.9545489969462266,0
0.4675068426892146,-0.9615983912663244,0.7718770296495847,0
-0.6133142703154757,-0.17232741943906316,-0.8759213879877039,1
-0.37749022548248745,-0.22097002101433438,-0.8955380529098398,2
0.5351013063557264,0.4226994390511718,-0.28423275175095286,42
0.6703851063081421,-0.8451563953127548,-0.8919871979846556,1
-0.29003941112545406,0.8036826643367898,0.5129354038212923,10
0.34463535710786064,0.12547147049146878,0.60753107746896,6
-0.1755466136237045,-0.9386228404383503,0.6048085728906005,0
-0.6190131314205358,-0.22468230032782643,-0.2847813055469808,1
-0.7532687481315932,-0.29843126205597637,-0.6458262442981704,0
0.23202766016977927,0.30686871553956285,-0.9727068942367545,32
-0.08704829527801672,0.1081053129734324,0.7433259888715671,2
-0.007937379531076871,-0.8390991261902954,-0.8965522418079723,0
0.7242181659032874,0.5814588186698242,0.7168958623032227,44
-0.47551466483180804,0.2959947215894614,-0.8085639054089804,7
0.6531462234272425,-0.3327741271473523,0.9102944746387884,0
-0.057234868881905765,-0.933864606108191,0.8181117552011781,0
0.25106429762755345,-0.4258374279762718,-0.9263922124992832,4
-0.24662720653875092,-0.6862788804707824,0.09656062269176258,1
-0.7062326496756337,-0.6507714423637756,0.841738971456516,0
0.280240069029287,-0.5148371764547583,0.7577925612649392,2
0.2494316597025168,0.8911986801601663,-0.03416641118258479,56
0.7758016679560804,0.35688761469877206,-0.9116628881331448,110
-0.5194190198828017,-0.43684719013319784,-0.6599666332271015,1
-0.5236260987507975,-0.5479197030719916,0.7566874984018173,0
-0.0742024129139418,0.7530236626473183,-0.7240042330844694,37
0.12983697311221665,-0.9730646437087529,0.8606028196759743,0
-0.9887257712045301,-0.22018470289607217,0.6031719173783403,0
0.9997631184589686,-0.9609805192773626,0.6481709677476206,0
0.020175918991816033,-0.9236359589218306,0.5542385418051061,0
-0.7761951748579554,0.2229483745648666,0.5566504322462094,1
0.3471818534560369,-0.24025135058607283,-0.9471167263576799,4
-0.12747206437522451,0.827388967371451,-0.3341532690643485,33
-0.5040825616935383,-0.7243383323546237,0.02050491000209509,0
0.06669654548745885,-0.8539035151929018,-0.1844830279632077,0
0.3173629097728856,0.9321013703429215,-0.13691775656187066,102
-0.12792932621172937,-0.057732054862986715,-0.5499330175468724,1
-0.21032471597113145,0.29052945198391433,-0.20588158189627492,4
0.16275149686660884,0.6711645759995089,0.9959351461511139,10
0.7700793672589352,-0.2564067461737982,-0.9565457313651848,18
0.22320919900528668,-0.05089858357978505,-0.5259657759028398,2
-0.9193918017899014,-0.35685952205459737,0.5961426256712619,0
0.9282380137756792,-0.7866797218550445,0.7552788235628993,0
-0.9025646575658437,0.42695163775130185,-0.9464085732736549,1
-0.15790063543614075,0.740461676962525,-0.2137837047434359,21
0.8491286352994851,0.4263902822239154,0.20836856159549333,45
-0.6772419039963367,-0.3190084327107807,-0.1778076714424892,1
0.1804097282649908,0.9920763204185854,-0.43258050439013696,106
0.0071257816629952675,0.8668958152574668,-0.3091584124759832,53
0.2572095745447469,0.5322630773883807,0.2605394500302862,20
0.5068613596842473,-0.6086139995286068,0.9146753736977626,0
-0.6462043863019873,0.16736235208319394,-0.407914781866767,1
0.26884605052266286,-0.41777916921026903,-0.13757328637091937,3
0.36444509641151024,-0.4618624988919142,0.45575176489613645,1
-0.30624465444441595,-0.735687805558757,0.2262574338460519,0
-0.6684839422818152,-0.13884510730659683,-0.203205176241408,0
-0.8476623052076298,0.42153967480414534,0.3616471302185209,0
0.5555900100682363,0.08982628175929075,0.10783355144114415,11
-0.6615339941834182,-0.5850722020198176,-0.5435010190349445,0
0.050607057445587245,0.6379651649749589,-0.286051766576495,29
0.7637439761065039,0.47175653708039933,0.4328942864123768,37
-0.329655741390696,-0.7630450158929565,0.9255809622128099,0
0.7092212712480366,-0.18226401845484075,0.72643638047231,5
0.7984342300641489,-0.3150527532700267,0.0031229848941007887,3
-0.33642031948072604,0.39031502819926267,0.8243346270343506,4
0.9690882077783227,0.4875581496280259,-0.38951529212986746,118
0.7609865801755176,0.9852392580891636,-0.3069476725121578,330
0.8974247048984954,0.023092810901381267,0.9292708845451649,7
0.9917119801983028,0.6258841916577931,0.366874098378702,80
-0.6919710614137917,-0.9901654335336083,0.19094170084672202,0
0.4089198109661072,0.8710760903580204,0.03423980037590746,74
0.3936932054055078,0.29471194294200354,-0.5901597500475366,25
0.2886001855601603,0.9634424226500402,-0.7776300867396702,184
0.37708648639797615,0.22861023498531075,-0.24829055241678644,10
0.5866955077055256,-0.9790282828301415,0.7848232442463414,1
0.6347279060254003,-0.03859033706257242,-0.7837216902379007,21
-0.0947428886727315,0.16850579823077405,-0.49223304291751546,5
-0.02693707030880854,0.5514575277077505,0.8454635912037949,5
0.12329005526946313,0.6544835700791647,-0.844133574060798,60
0.7127360926269306,0.8416291309288417,-0.6639972474309577,256
0.6549747235061452,0.6991323406519763,0.7573177366515258,41
0.034279039634784514,0.2165084877706871,-0.5838335091146019,10
0.4162630987714091,-0.18996539318371464,-0.9576618285858891,6
-0.7314657729914897,-0.22356393677987185,0.7703596121216221,2
0.12988458653767232,0.8325140681124941,0.8589676887146191,28
-0.8264100157610004,0.17643082745653782,-0.3309439236954519,2
0.013590244552737163,-0.08895039500138124,-0.04011345475907735,2
-0.7963883836762333,0.6663201675936612,-0.01944007648837287,1
0.2899751125885668,-0.05464249453981296,-0.6379632468555774,8
0.08200116998437323,-0.6809205218783974,0.7043585122951668,0
0.6632080512762897,-0.7127224436861137,-0.8623120939371349,7
-0.8630161661191003,-0.21351195028245074,0.9060828746852636,1
0.11228083211543272,-0.46894685205382225,-0.5407023457516424,1
-0.778253610481416,-0.7178575790008479,0.6237265332661379,0
-0.7227330705756352,0.7281231143580151,0.6459961483708883,2
-0.7263823958263558,0.11744953987751816,-0.9858894641240901,2
0.7240722686700998,0.11655424087922839,0.5106807887810878,17
-0.019309346167483143,0.38084399859673557,0.8624782483721083,4
0.11909162025571662,0.7494109538201159,-0.3139091153057576,44
-0.804934908662156,-0.9897107147918782,-0.5466994420030558,0
0.6771736738717291,-0.37700907477055723,-0.5507677047107806,5
-0.008739153223259244,0.8938082449869156,0.017956896521399868,36
-0.3182566748311224,-0.8449964179878588,0.1473338666899977,0
-0.5474860409056288,-0.2650017445747239,-0.23767526655298865,0
0.516368674419474,-0.536742310406227,0.8717844515936317,0
0.48477613592510926,-0.037760918438361823,0.7609489825601772,3
-0.28166403944941476,-0.2313202528295446,-0.741261738074535,4
0.5571121889272306,-0.19761469431133616,0.0005060563780439065,2
-0.05806266920793801,0.31236363514215437,-0.2521231378293116,5
0.8317226522974843,-0.1361554819731139,-0.2815720443025296,19
-0.19824388969951912,0.532591442977927,0.9861131799683787,2
0.7330292926026676,-0.04054500306250386,-0.41728131293315407,13
-0.10802589127024809,-0.31196889381287174,-0.512935895572278,2
-0.6261181692831008,0.9117514690473021,-0.001389619280444121,13
-0.7800502526595396,-0.2321867797477417,-0.22256616555424857,0
0.027069053974386525,0.9600826492273877,0.9532669931480955,18
0.13178822142629643,0.2361830505826381,0.3512581497324736,5
0.004444365370356307,-0.026643883695357085,-0.37095212164643177,6
0.3678434789425322,-0.8162094433342506,-0.36570950755077014,2
0.7819571189552266,-0.5452436980490951,0.9351647560499787,2
0.9683394439314252,0.1507653261924724,-0.919128039382356,66
-0.8130436053356134,-0.5993967246200151,-0.3463768634412947,0
-0.7737835767742511,0.5944215461410367,-0.2716908599695187,7
-0.5325326032506554,-0.9126122592673835,-0.23465628125403892,0
-0.9909865389815553,-0.7670170989408254,0.2092910201233451,0
0.8698908226562212,-0.6012681561475341,0.4821224133087758,2
-0.6045889579092552,-0.9970096123185652,0.7930760923236047,0
0.6922174754024137,-0.8664425680498511,-0.645729423672261,2
-0.5313981439627751,0.856642729273811,-0.2361418087082372,9
0.6147635132129465,-0.12837293431008456,-0.23751066660783038,10
0.5306961095511229,0.231521993198051,-0.46136461155783004,24
0.16562119643492612,0.40770569991269867,0.6541561832625491,6
0.35435815831888084,0.2814941426273956,0.1918046849523607,5
-0.8158981017512341,0.8903781190999891,0.42968382095526647,4
-0.4542577412108819,0.3847013882085266,0.2416348721401611,1
0.3177028914675757,-0.2421820579903009,0.14635170960234478,0
0.32005446135307736,-0.5966878619615412,0.016024328773768692,1
-0.7593166893780501,-0.7889390037488069,0.8221211504133188,0
-0.7509055508822668,0.7865339435292853,-0.0604016009170405,11
-0.09019476849176433,-0.32036936091062795,-0.16756456711240975,2
-0.2455352384068088,0.12996589400529568,-0.32881336182222864,3
0.643951726902608,-0.5328764996856199,-0.5030597545050286,6
-0.03889690674513502,0.8701625676495117,-0.9521686517149419,86
0.446827231169155,-0.9879868246247796,-0.19027957381941274,2
0.5284144993910345,-0.10784175658250605,-0.14102214215607245,8
-0.49356634203743943,-0.04980872361373323,-0.5434810006483066,0
-0.43295742034946194,0.30658712217487993,0.1988941122870198,1
0.8590910307885449,0.937738162749705,0.044760386414817166,235
-0.824886974877018,-0.4001938114647652,0.03560979114328977,1
0.346325786750852,0.892394498869731,-0.6897851326642799,150
-0.9266305963033385,0.7400713655618723,0.6103287363105279,4
0.5314965531235274,-0.06279846444280679,0.3555614082162366,6
-0.1770615503773152,-0.6158966844154732,-0.21821246970991215,2
0.5740931920425216,0.603711244049113,0.9222689321482742,25
0.7753342503285414,0.3641690735490113,0.04182404559318953,26
0.4478540469415708,-0.6335928213714002,0.8461690625962295,0
0.42515314893892797,0.18897111092052388,-0.13191656541603236,15
0.2670831782927321,0.2353574558115652,0.7977082530141346,8
0.14147262169132246,-0.5732456952621972,-0.11724127780039661,0
-0.5140629785096948,0.8099003375167919,0.687051628793589,4
0.11163822905868948,-0.6072168648166301,-0.912915973927606,0
-0.7316610925965052,-0.11356143840914235,0.34840815678198234,0
-0.5520037910218356,0.36904069943806816,0.723898767913175,3
0.5144821631270922,-0.14894504957487054,0.2914558147499797,3
0.9767348659991091,0.7708232057545312,-0.323700986900483,274
0.3708941071055263,-0.6735774372124936,0.11473694210108931,1
-0.2869320702924447,-0.12370736314627884,-0.12220229223334655,0
0.32646587964187646,0.6919920145250738,-0.06285631556327331,43
-0.7068304237757002,0.5083085464432353,0.5032860212887851,1
0.9076904794037655,-0.21188798620238058,-0.0722419812119881,7
0.08119148328930104,0.78424679291064,0.4084330357105004,13
-0.9574437527933994,-0.5853546248738726,0.707789695446746,1
0.1709476347209764,0.747816932063124,-0.17720172493392394,45
-0.5790642256531342,-0.991718546141859,0.9921019176954575,0
-0.7272369335466675,0.2859375313882351,-0.02058217959654507,2
-0.23970121824868262,0.074404300243337,-0.8434328793757198,6
0.9400684048307131,-0.01452611755897193,-0.9694209664470477,51
-0.16131313715855122,0.51440381050127,-0.37583266073892685,12
0.4900448176746801,0.534725439675072,-0.5217585621198297,67
0.9359449724191167,-0.9442225011006671,0.7272109681120238,0
0.02529824327695218,-0.6932410230375552,-0.48321410849414037,0
0.1870345837943692,-0.4430856722886669,0.6768421527893087,0
-0.5609429719639216,-0.23187740525635125,0.0136263359695723,0
-0.32045407253047076,0.6482856063579205,-0.4722355911792946,26
-0.8220456534026628,-0.6904296231934999,0.2538909105089342,0
0.1271253002440922,-0.8734033561465342,0.9860983271496602,0
-0.04111873455793691,-0.3611255975733487,0.45832480299718314,0
-0.9514162821084564,-0.13150171030826785,0.32882767819905,1
0.9242724498149697,0.5232755562922486,0.7703184192049821,38
-0.7621881856694979,-0.1404587887543418,-0.9364191497963588,0
-0.4560116043066087,-0.23140626973763823,-0.31235783857659105,1
-0.2525184062692969,0.6061600094610122,-0.6209127344927996,17
0.6489912203210331,0.08384217410691952,-0.3225097430439001,17
0.10447153469851234,-0.6771533353919288,-0.00909050077942064,3
-0.9560934061235826,0.7259501555242831,-0.3368379304160456,4
-0.31191410130605757,0.9903039947051209,0.22691146375597016,30
-0.1646926111682263,0.5813134425555748,-0.8646705858182413,29
0.1410084084300789,0.041401923821599684,0.7224563360064142,3
0.17240068507584394,-0.02945516951890159,0.0404517179822419,3
0.5637946162133161,-0.3053584084389229,0.11557882780340711,1
0.41478054548748244,0.9911109086452576,0.3873683909082748,67
0.9237423424445657,-0.20193467734150272,0.21756198552820294,2
0.4905897146312046,-0.3031681007450584,-0.46165012239278913,7
0.945666222193623,-0.30293205419421465,0.9998053542863952,1
0.7045419693111292,-0.567863770339937,0.656438444759476,2
0.967254253155952,-0.44635955153259754,0.32890882754602413,0
0.5391784459420526,-0.833436002429023,0.6386636097443317,0
-0.38327853572029236,0.4127635923331783,0.9002764422188425,3
-0.9297819572006296,0.22342576107561785,-0.4151907443501266,1
-0.7706824218260859,0.4237096052662357,0.9580931246490572,0
0.025421001831779533,-0.3073115815957206,-0.101820810304456,3
-0.17076423015104059,0.0638038192910555,-0.1816483270718432,0
-0.8392550707821462,0.9588554719531319,0.9934145558495908,8
-0.651730890623228,-0.5179200674843167,-0.12608741710139482,0
0.3974658740569994,-0.9373101290627528,0.6709951014551658,0
0.2768667466291912,-0.4614128757093292,0.7417344298338844,1
0.3224184261726375,-0.36615143749553547,0.09569198866921358,1
0.9584751171981452,-0.9031340661156493,0.41692403329629757,0
0.6988272203254764,0.38463369781680523,-0.7199631741706751,74
0.19429920697342973,0.571910491416068,-0.16280817566996753,22
0.16485655643701347,-0.4930640913426354,-0.3745028985958254,0
0.6171402861594386,-0.02100372479283319,-0.10237652498086725,18
-0.754232325797463,-0.2510582034359017,0.0414421118987236,0
-0.5379753305583097,0.6158711236315944,-0.23259858741451378,10
-0.5230204152896831,-0.383405013405957,0.6489270654710875,0
0.8082869519096623,0.9205956971298015,-0.9696118400466982,585
0.5077882612075473,0.05096807202554676,-0.7508798461059396,20
-0.5069328472043111,-0.4366183389939202,-0.19156662476801212,0
-0.05855745528065959,0.8735777128769031,-0.8832898860539158,79
0.4183386100369304,0.7082121897374691,-0.2854001640906456,63
-0.5015656031496767,-0.5573830187480289,-0.3983216466178059,1
-0.7094040187257489,0.10335597370453553,-0.49920099162802956,2
-0.9454969289712676,-0.5347331335516281,0.6412642109657851,0
-0.165259556096089,0.7670725093071178,0.8872312628752601,6
-0.5133033430835794,0.11994490219384768,0.7621338193605691,1
0.16284067453754592,-0.6639994271846554,-0.5040935050842879,1
0.9752496596269247,-0.4012262702196421,0.7354059644861983,3
0.5900246755614624,0.48396940560690727,0.44388451368925086,21
0.579963727367345,0.6948153704372795,-0.8752671269768326,165
-0.664380350991842,0.011058649240485607,-0.5750209482787882,2
0.06643604526119984,-0.013635320916237426,-0.7464571020632265,2
-0.828077695774899,-0.976694406582078,0.6500722601086992,0
-0.836516663274953,0.9231306574773344,0.9676637089703963,2
0.4913928865770587,-0.09923343846054422,-0.4484230729239329,10
-0.17509515623776628,-0.3094134679162901,-0.2074097207448753,2
0.4523915659879916,0.7850524151630962,-0.6845699461395816,116
-0.5146588423733465,-0.5802061876952103,-0.9093080198525467,1
0.7084011592516335,0.02255108668070549,-0.8659304426145191,33
-0.10748947785812502,-0.0987784160652807,0.5559119119792106,1
0.5227948972806795,-0.7310220211770808,0.2537512314339838,0
0.019372586744347498,-0.9730164468531959,-0.7045283414244563,0
0.33369684752791295,-0.2659483875379969,0.9273707910977806,0
0.003500724459548188,0.3765663393364569,-0.732764720581442,14
-0.041103082792260937,0.46824294232189345,0.6669633515987967,8
-0.6007851420556827,-0.2061865577194517,-0.05294598189861044,1
-0.11925521285351848,-0.04911665888546213,-0.4081995496516999,2
0.6174414858368353,0.8261558909994002,-0.3019985429471088,146
0.2757201433642358,-0.23858816331830868,0.1575039833973495,0
0.39107788943241717,0.003032554654840647,0.3491641404461805,2
0.5142914885984331,0.6865912710911173,-0.6223802204232824,112
-0.5672302057570624,0.028742703309811768,0.01931403786339314,1
0.6154509871805336,0.03476674492042453,0.8001049389203163,7
0.555205671657208,0.012631622496171113,0.6526522434870674,4
-0.04828807835178517,-0.3165696820769579,-0.1331531211487771,1
-0.08758397539917606,0.3010639030743367,-0.895685810007786,15
0.45901735416537814,0.9364655503182389,-0.08236486179568847,131
-0.8624554124731039,-0.5974872321309201,-0.7935719213533057,1
-0.48729267747703986,0.5878142110001332,-0.9979011293431967,8
0.7471586647120534,0.879094301103472,-0.6299938318408502,305
-0.6528271301505819,0.9315259257150872,-0.2792396901637646,22
0.6235526094984154,-0.9819786448106236,0.9815831580261258,0
-0.9670195874474798,0.21514119083395222,0.8569007093828631,1
0.662521717997647,-0.3791948860539147,0.6441608255525988,1
-0.21390472615943157,-0.0003871658691920743,-0.27344399901866745,1
-0.2905638651875928,0.16415045308971754,0.5641359704038651,0
0.398982257019487,0.5361559118656907,-0.971453464122493,94
0.06338678706501177,-0.2944227943067439,-0.5827703346221946,2
0.8417036441557406,-0.6063839000572513,-0.6310500682052278,4
-0.6423718110277268,0.31618981288591663,0.2234798608930657,1
0.011266937966468271,0.17360351424621356,0.8811526285193643,1
0.7224201742811773,0.8118690401725295,-0.8916843319515237,308
0.7948255480003452,-0.9372987054827524,0.2952858902253104,0
0.8616643568209954,0.004926846701177157,-0.16135866477624394,19
-0.33651409100087215,0.8322472367625375,0.851938528215114,6
0.23825101836122253,0.4288579681733635,-0.321745917625464,27
-0.7236504656654195,0.9580019560463358,0.3140442333672111,7
-0.451224900990032,0.9541671049781009,0.21793986726970171,15
-0.33882982627191205,0.7916260010892477,-0.844199143966164,42
0.6083073281444147,-0.680841968982782,-0.7846511079008867,3
-0.48211186291387387,0.429651087590458,0.21601659726785805,1
-0.15744324518826258,-0.6819076149541523,0.8475037279599549,0
0.5325703490734612,0.3725332566630848,0.6258181324332812,12
0.5484905211263533,-0.7751499774377646,0.5467084364807209,1
0.6774508682791198,0.4935117209500446,-0.03544544735243105,43
0.37289128793725235,-0.7999847727332126,0.5286907170082462,0
-0.47554446345382395,0.5702527926957446,0.2705681675031253,7
0.018156913298587263,0.07203431132161575,-0.8505383877742743,7
-0.9182041792895215,-0.9703503702027911,0.5510849349703597,0
-0.723009364480452,-0.7542669265255044,-0.22987442040711592,0
0.9554059428175212,0.7718485895849436,-0.37342194271209617,288
0.6395968964761543,-0.8298444494172463,-0.21591932112123557,2
0.15841157361127012,0.9724938306974522,-0.9025860844666032,171
-0.17515796549688312,0.8392208800092138,-0.94477863539505,68
0.19816475781822418,-0.2012125084923737,0.12053693430338464,4
0.40669882740378793,-0.18660917275069555,0.7841044810082325,0
0.9114290451011988,0.970118262564323,-0.8904430010512916,769
0.6736589140547498,0.7567450186967819,-0.7091894811307271,198
0.88285899016152,-0.7457722925507813,-0.585371843150962,3
0.9110934312396437,0.6615663184118634,0.15310237511400704,95
-0.42438333827448416,-0.49456903023073084,-0.19372293822995812,1
-0.9820130040509514,0.27271836790824744,-0.8968997817714617,1
0.5477042761172248,-0.8596727121441994,-0.9794912391978654,1
-0.43068599470695834,0.5453840813167321,0.6652740502611787,8
0.014605524161198202,0.8765945880878905,-0.7709659493972272,97
-0.33556118597947315,0.4806905809124755,-0.3533601636058228,6
-0.7092785040994738,0.1567215286353374,-0.8748520152846493,4
-0.2539663581981395,-0.49226252062524023,-0.3363752710477177,1
-0.029635556481460545,0.07140489707061803,-0.831285088049311,10
-0.36894377412264534,-0.232606518618083,-0.19339119580076436,0
-0.039929292331894795,-0.14825595142467307,-0.8519448353879078,2
-0.561350835208249,0.28857206403629787,0.6575280260218097,2
0.02288122942136339,-0.7036204654082019,-0.8590659924868727,0
-0.6882116044395177,-0.23190570407306632,0.13041283362923894,1
0.3285144726651017,0.048718635255275755,0.1305813238428224,6
-0.2955331811560167,0.33119381769533796,0.45372048731090864,2
-0.19574919951744563,0.6298249560472116,0.48786405726782234,7
0.8094879779568074,-0.06650338303430359,-0.30955613803422977,13
0.5544073358502466,-0.9248131405531856,-0.23224743035954232,3
0.9543864185509949,-0.31547223340721486,0.02464477728150838,9
-0.5004609290605184,-0.8461060453162543,-0.7780965064765457,0
-0.1295798455687598,0.2380046284779085,0.09149681067898507,3
0.0373644308419292,-0.7766981277683154,-0.9194814328863474,2
-0.2826076144017491,0.884969776358556,-0.6403648951513936,50
-0.4614772277169652,-0.0337180680636624,0.8284144085980623,2
0.8939487251503611,-0.9973928509478989,0.2957912053107956,0
-0.5276837549455351,0.3089633953186155,0.48569327183467736,2
0.7742787799873971,0.366834965389945,0.6944191876938861,24
0.56895982810321,-0.6785677236017933,-0.9126144683181454,3
0.47755727887506727,0.051837796844534045,0.9957310099635617,1
-0.6702189172342816,-0.22946012474084898,-0.4244328486181783,0
0.7573946353832806,-0.03260847608702222,0.8272991631522044,5
0.4143800058102367,0.9976123366218386,0.19955803194477562,114
0.9523183058333278,-0.6531873254243905,-0.11663987762856487,3
0.1567824084723175,0.956591821162986,0.13575964822544306,51
0.7305299619595513,0.25701111769805696,0.024802050434546974,25
-0.2171172315295311,-0.2627319040748133,-0.4095639252570553,2
-0.5772600582999372,0.9251540488272567,0.07292243223122141,18
0.7317390729154725,0.7699275221238269,0.8845997222592688,49
-0.523666387806452,-0.3245422151091373,0.26627975920533586,0
-0.35589190954603334,-0.712143810926704,0.5197184273108955,0
0.10078379769586787,0.07304603911419916,0.42094207698771835,6
-0.7705194965947069,0.8438180155588988,-0.040353831577084165,9
0.3836577859747654,0.2006485217502365,0.21046585215737923,6
0.41982336047516244,-0.8224087127921265,-0.006533564556523652,0
-0.579421158228175,-0.22063229570639176,0.023491579324520506,0
-0.292102726637574,-0.18657418615632237,0.4617396447172315,1
-0.9133454681621451,0.913187178924693,0.20783504592283863,4
-0.6728907250329592,0.11443752733370416,-0.8381288759283054,1
0.002947409268704515,0.3772628528839497,-0.1604441283058864,3
-0.37163736151907845,0.3474282136966709,0.8705703720454312,2
0.7472716822783745,-0.22926357307355816,0.7268044786852885,4
-0.7699316756047123,-0.8825588027440834,0.9663739377217428,0
0.5258174429256766,0.22997685849968152,0.11756151077335142,8
-0.38224210518663204,0.7981643291543032,0.7055008994956045,8
-0.03656999208068967,-0.5592343964271436,0.35279035701854267,0
0.45237848282124626,0.9910125281462987,0.5807563309095614,87
-0.8175062759797138,0.9798816892136604,0.7090256312505847,5
0.1650478767315826,-0.3381377018138807,0.46585540200300635,1
0.193242609420764,-0.8084688350390046,0.12702525012084864,0
-0.9596061402373088,0.5773932948034295,0.6471715112494105,0
0.46023101079596884,-0.8170431730781333,0.17618743882045984,0
-0.217208866629242,-0.7432138953780001,0.7841808881725076,0
0.8845882404898422,0.8445673825013118,0.062435656166113906,169
0.7288569790302903,-0.6043275702338908,-0.409032118935198,2
0.8174224821284968,0.18074794040886855,-0.5479683855637218,40
-0.739805104197157,-0.543376158805501,-0.007986235790245821,0
-0.39302180490987526,0.4688434841664213,-0.4573779820734798,7
-0.8431247899479943,0.796425295523028,0.3276786119782287,7
0.9481285803356567,-0.6360058307815357,0.7407751171110322,1
-0.9656089044891496,0.0756442644967219,-0.0405151295944588,0
-0.7476072198843939,0.6302374264791175,-0.4582961338525531,4
0.7968683052097771,0.3988268914513087,0.7047211034783163,15
0.732961927045416,0.5835659593213591,0.47297670275828074,39
-0.9918589607738633,-0.7131399836553303,-0.5857359209606843,0
0.15496482961548486,-0.9932507661253593,-0.7456869461316755,1
-0.030066586456433342,-0.9178714528185006,-0.3625072248342862,0
-0.560023312720513,-0.6511858931686623,-0.36678870522732576,0
0.7624335354952385,-0.5371146806981966,0.29831765051690273,1
0.46799636297437064,0.3505611674113942,-0.6225090756955276,43
-0.30039855107451197,-0.45568592320940926,0.0772926597093413,1
0.9380703163552846,-0.5642548458913179,0.10474138546684086,5
-0.8690467301726228,-0.24886566230959928,0.9083459018170348,0
0.8169546224430446,-0.8095877242549068,0.7050517520081903,1
0.43141278431184826,0.8358469145785576,-0.0783690788718987,82
-0.15488998202088933,0.792305942379804,0.0723146229249505,19
0.5227349965467614,-0.6447157898684617,-0.8631333222231188,2
-0.11901234128724347,-0.3458969387983155,0.02374690847490557,0
-0.31135332833051477,0.7251760272684638,0.4712098795463495,8
-0.23208627775940727,-0.7482670579518749,0.41968914437961025,0
0.08217110588002141,-0.696109434126865,-0.9304304971487516,2
0.23340036636103512,0.0324958974333025,0.15091055614652205,2
-0.16827757343449368,-0.06257632071604324,-0.21714757398054485,3
-0.824549301004861,0.07061024609378497,-0.7567915393901088,0
0.3469772408390761,0.49883634825717116,-0.6641419227081298,45
-0.5969766045658342,-0.5185777530798714,0.19702023830982962,0
-0.18701483205463387,0.775060606428442,0.09593433458536249,21
0.051272544245597684,-0.563012220087852,-0.8182854921897507,1
0.8494199791443076,-0.8007220251380858,-0.7395499556691261,2
-0.6093832768464549,0.15365273534945678,0.2780668828042967,4
-0.1367269962913229,-0.21020482682099595,0.28205457200039885,1
-0.4758110989234621,0.6009008954664843,0.2800994609341285,4
0.2057252494794053,-0.9422467894734121,-0.3092514130430919,0
0.5377195892990314,-0.5881847187570413,0.2889883523384438,2
0.949439439141708,-0.11891904152568289,0.03589452329437126,10
-0.575919735049105,-0.9859664716817647,-0.5267977348902633,0
-0.05632006985830307,0.2085427384982257,0.6718588568114727,0
-0.41996229600633894,-0.3419111112056048,0.44129727686990616,0
0.32856252636421446,0.4290449961641396,0.7545695255824254,12
-0.8226373849171003,-0.7510272439326757,-0.007314944705830495,0
0.22520918579938098,0.30814303589399894,-0.5398050120292213,20
-0.7278080372608051,0.8428717237640329,-0.5198582879175007,12
-0.9643435256940089,-0.4341749229434586,0.03439984984077604,0
0.2667080517136744,0.4784180473859019,-0.7088224721587424,40
0.015752320311486878,-0.3596117096621638,0.44936703258133703,3
-0.281011538152806,0.6222867345935679,-0.6167607426609194,24
0.9894040121911976,0.042879264016700835,-0.15230973584912055,31
0.4513144155985651,-0.24230934091268064,-0.9290423819016873,12
-0.11824715022589638,-0.424411734499788,0.3224232815960397,1
0.05342914444252567,0.6601962387913971,-0.02144175246472435,22
-0.6893082173853275,-0.7027913350436377,0.1452463184206414,0
-0.47025202600565397,-0.576801432419207,0.8835654282238625,0
-0.7214074814104423,0.8321409798998873,0.07245506977761873,12
0.8738163885395789,0.678066164826064,-0.40224340930500246,197
-0.05960670749995134,-0.8294339972368137,-0.2666572980972117,0
0.8534545615095372,-0.7980006412524778,-0.5087255161937341,2
-0.9145471598191839,0.7216565267837391,0.3671751738196627,4
0.178690434787675,-0.06869434086256954,-0.47991283629647996,4
0.17168707038247333,0.40543115977184563,0.5859993007238207,6
-0.6750516260029447,0.2506071645315342,0.3576515886555618,3
0.1623475096841931,0.45550842254836965,0.03556727111128688,17
0.9092801287273637,0.30037073691871097,0.25609535341249945,35
-0.973684471451133,-0.7129164232765219,0.20214306823630812,0
0.5338233094189893,-0.7114837636922424,0.2736571575921496,1
-0.6913072489465475,0.5264080883659763,0.6424104510551725,1
0.24122797216940506,-0.8641722037552901,-0.4411231265148532,0
-0.46093741621137374,-0.06433292363292775,0.560130272179425,0
0.15663566320907596,0.9839122301564189,0.4164942961147662,34
-0.7172818656637274,0.9582582928465224,-0.8827744372630459,20
-0.3342855981895494,0.27450255167176985,-0.21902689478440984,4
-0.9556550087954445,-0.40703082601865814,-0.5162666259363506,0
0.5522980703286271,0.1851078677302198,-0.7120082043430631,29
0.7452114451362135,-0.5740028850290217,-0.36064329782005355,1
0.7494467945498446,0.5304327197444545,-0.15833782288073395,55
0.03854348581607292,0.9583380390580003,0.4216127147061839,30
0.4314583028775809,0.31156434913389575,0.976476943317637,8
0.8480178594653789,-0.4035212681451936,-0.10968408511510308,7
0.27137223287937884,-0.5261991649741746,0.29456790181731396,1
0.8065457161511262,-0.3874486225145337,-0.2641549237823788,6
-0.10012072285616913,-0.22736463001316887,0.2866448379650759,1
-0.8960615749427088,0.5534721578849511,-0.42931542530071276,4
0.24401217359252114,-0.15226341086317952,0.22257818047633982,1
0.13789739822734592,0.035115691939829,-0.67935368660903,2
-0.9849545021833741,-0.7860464775596636,-0.23021321433849096,0
-0.48580503168941114,-0.030405955311480826,-0.058337267268609994,0
0.03077667063710532,-0.7345805971521611,-0.005182441053803499,0
0.9009736012445162,-0.6560252652468768,-0.9689132689275055,3
-0.32222327200004486,0.41699873964430867,0.7215016605583482,2
-0.781464104986932,-0.9375944817650765,-0.379726509413135,0
0.24406894625084452,0.8408136992534763,-0.3391529260530439,74
0.5587245960725546,-0.7449666118305707,0.2819451112140057,1
-0.500072965659347,0.5223565507087207,0.8242517333087152,4
-0.11718675235262177,0.37443670388816686,-0.29192478317487813,7
0.6981451129371019,-0.17973251097454557,0.16815573134374073,8
0.972908945199803,0.11527438164943149,-0.0943395028856644,34
-0.8078795073098981,0.89924160843625,0.049799425285097065,6
0.40158263424421037,0.3091643673182338,-0.5251129061981039,24
0.2741413521889233,-0.8067424085459578,-0.8854231882793839,0
0.6818266406108515,0.20156409100321504,-0.39725485028981056,33
0.05367918497954194,0.11580496532896589,0.3555565377679055,4
-0.9997314368371577,-0.7111032604944489,-0.8136603334649906,0
0.5061720958014913,-0.09533056844944321,-0.603206794816834,7
-0.2510278838644857,0.3389091874882397,-0.07755185273993637,5
0.09171809511195628,0.8750665403861619,-0.19935360528746005,58
-0.7934921532163772,-0.7857231001611056,0.44943471562451887,0
-0.37506084822456454,-0.7699238881316717,0.556362320501185,0
0.7776391370970543,-0.7952863194829485,0.23302767110898315,1
0.4809767165918051,-0.5083307039581004,0.6733377592453909,0
0.36802482850180174,-0.11086040488520177,-0.6685687532239992,5
-0.48433442556509365,0.6589363171797917,-0.6643843436262444,13
0.4092666928730202,0.14188516180594624,0.12143599060942467,4
-0.9673366552475067,-0.7545974239640776,-0.38039086635612906,0
0.26065848422839566,-0.23712916361301817,-0.48701629454955,1
-0.23231835321296646,-0.07376848690014515,0.1891663745742862,2
0.11949491257876788,-0.2639639647815728,-0.14907545388046306,3
0.6124784947688644,0.17803064615916497,0.9409693918669231,3
0.20494743039765728,-0.4334187455950249,0.026231159476054033,2
-0.054196333454770595,0.7058521771928679,0.47499909203584245,10
0.7611755392634962,0.4356587067806501,-0.4934484162243187,70
-0.4543693993180742,-0.6723831864222085,0.7580840322709188,0
0.8001656154136951,-0.35287122960867245,-0.9535527173829961,10
-0.051464861305067444,0.5767589053736761,0.40591307411069355,5
0.3512074388145654,-0.9579702618387769,-0.7961687526213415,3
0.4584318178528717,0.6371022895162113,-0.6355649352411166,84
0.6327603219251816,0.9025608256461388,0.20326941209691318,97
0.10344033141279452,-0.934155292935009,-0.17211394172805194,0
-0.0660092116584734,0.9069081675577135,-0.11827761876974496,40
-0.9761780620009064,0.13420021837994467,-0.8637582139618094,1
0.9840391893912095,0.31938499343027704,0.438178904637873,33
0.38697437452954286,0.8819922440342665,-0.19010538438799118,83
-0.44211890983786795,-0.8425705667127181,-0.9543579288638562,0
-0.045648981370904895,0.4874034575034676,0.47848239413867577,5
-0.994250115786738,0.23331998728461878,0.6635643506728459,1
0.7338994277650153,0.5392497003363566,-0.16223850177411347,67
0.40791527202468303,0.4030670267872605,-0.8715931179755843,44
-0.9222231941510153,-0.30773478181786396,0.2867114754395619,1
-0.23806739178899816,0.2899794384175862,0.5230254924353408,3
0.5427551900179202,-0.4336333500637721,0.9434743434271546,0
0.10758921505002617,0.25580716781202706,0.2704170836289519,2
0.3466923607157668,-0.6919841408865837,0.34915961063698897,0
-0.1369250577995329,0.9373793362809097,0.42830034970326536,34
0.9479802682126253,0.9821203167332269,0.6679999972859672,166
0.17238620999125143,0.20135191532933838,-0.060629553382612,7
-0.2606508835545984,-0.1625185636000379,0.8269854722292793,0
0.2926096733273271,-0.6601455458006258,-0.9254787053992981,1
-0.12169764997602539,-0.1182674719339194,-0.8683505552751363,4
-0.546485722210541,-0.33719895435812064,-0.2465342279667102,0
0.24980746714558522,-0.6880176785133758,0.6435741318898449,1
-0.005777405541424585,-0.8617492649593896,-0.8008263531748958,4
0.8863471687427851,-0.9360295649046424,0.29796630128646195,0
-0.6420258431149783,0.3084104287652649,0.975187315225299,0
0.8364081632952731,-0.12548706419503164,-0.1369929733944779,12
-0.4211202949754642,-0.11917198730240464,0.9158474137087185,0
-0.9242806708902958,-0.042329249414074566,0.7914517059351125,1
-0.7867777547097214,-0.7665586102962543,0.6295417209418419,0
-0.434347559009278,0.5958721236178555,-0.3963856638791088,18
-0.9353869917098592,0.6396681110143556,-0.3363608753664986,5
-0.07738886672535861,-0.8802966212446348,0.3016659276353144,0
0.6579057469026794,-0.5604880611594083,0.8664126910981702,1
0.2671901480758019,0.09639496993256769,-0.5882978681085071,12
0.7521368573314431,-0.15210190355119702,-0.9146765948166473,19
0.8515568985258937,-0.2623050360817847,-0.41082001762341336,16
-0.8839995711867108,-0.9338084664235908,-0.9137923098231264,0
0.7499216883474791,0.7357602889722701,-0.060536061981840694,108
-0.8375050487293381,-0.7214940634337204,0.8950453064223016,0
0.1214223822199676,0.5911833957079657,-0.8463360263556692,52
-0.8693618236850753,0.5542530664956486,-0.7683823823665428,3
0.6414029017107525,0.8688986523036666,-0.13433787107018746,135
-0.7697382796767325,0.4352444538414284,-0.10862766225341769,3
0.0028225440849540817,0.7759732480057071,0.07971266063856275,30
-0.723606633319883,-0.2549772898872378,0.6993229452093541,0
0.022891702204964615,-0.8385061230282818,0.013086944196068817,0
-0.9298097978469697,0.7586136393702481,-0.503770305301851,10
0.45835618363600106,0.9892858770212543,0.7927295322979138,73
0.0572582917646729,-0.35170557257989965,0.3974953379014565,1
0.09322263885126691,0.8176044271396856,-0.5156494145693207,43
0.3869102908901283,-0.6950292348124001,-0.18981564268744755,0
0.5547812874118001,-0.2713001111866824,-0.4327514031174893,9
-0.2941954209595097,-0.25269186465493587,-0.9840457439238006,5
-0.7137539199321885,0.48115248503523067,0.38557450785471037,1
0.30496477936546795,-0.7262929799226658,-0.768335881405525,1
-0.020895932098407455,-0.0321916242444058,-0.7484009075832756,3
0.9316458293907284,0.6346884539552251,0.74443388046067,56
-0.6556159717217369,0.31307277606871065,0.6264616362304074,2
-0.3529703438266292,0.9706935380815851,-0.8098505213606935,60
0.5864580794421983,-0.7107775713162092,-0.49737330792992296,1
-0.6209630424560271,-0.7685206589462994,0.34178524748072525,0
-0.5140816218760311,0.598505920162687,0.5388895735613228,3
0.9148431461280147,0.5493836094230216,0.9800616560557578,25
0.11465159590418672,-0.9360189789864881,-0.3359830792014511,0
-0.21184010753411386,0.9326314591946736,-0.1577403018312702,33
-0.45965753825939637,0.599492626774963,0.8395647892643912,0
-0.9066503235024126,0.9619439433171455,0.4453616452151916,4
0.9915041079361193,0.29711491490170405,-0.9844304952985159,162
0.356649656097104,-0.5465393862776342,0.9769283827535769,0
0.8641679409001528,0.7215164717889051,0.4173212078097419,95
-0.49321275399181186,0.8532810650867422,0.6452301073638247,10
0.2678568231076788,-0.6580946520354911,-0.6015054304652854,1
0.13383857325030069,0.18659941962287818,-0.18397742084925572,8
0.6270372672941988,0.3567545122300284,-0.4838889091433636,40
-0.9399117112334254,0.21357512710518067,-0.3412040893437922,0
0.7796719134530079,-0.5315908553741939,0.09726661173176598,2
-0.6041422946031416,0.9334579114850454,0.2858790836199976,10
0.5061667093287183,0.781712654076115,-0.09223646110686623,82
0.09348083523250583,-0.10072172294331128,0.23815628829217017,5
-0.33049227351481636,0.6439272067941215,-0.26956476096762083,10
0.5427660166022543,-0.9666024831117621,-0.27263012251193963,0
-0.040211381473660435,0.8021032248146407,0.44473249734511033,16
0.46760853919579226,0.2732889921281738,0.8014969788221467,12
0.44983945621313626,0.26294928643066506,0.8417120186244578,5
0.528390431402296,-0.9704228987260106,0.7372387637344797,0
-0.6236150769197746,0.49675021312134837,-0.17323553923392776,4
-0.21539012846725392,-0.6922917711924323,-0.14227115539797364,0
0.9988878882636572,0.6545810544600346,0.47348284305168264,101
0.2858747355476907,-0.5706486366287074,-0.8736630573710291,3
0.8654415034991263,0.8170941556771447,-0.9955621763943334,510
0.8221720902416065,0.4977211681691258,-0.8025093377221264,133
-0.6915549449579164,-0.6472606301615977,-0.48678379473671174,1
0.8056476659308034,-0.15764015435529477,0.07695437562912222,8
-0.1513128654585627,-0.07180540084888665,-0.49838677636905593,2
-0.3697580954878179,-0.495101172898859,-0.4302051458445857,0
0.2158416586198144,-0.9533728584655574,0.8745738364182876,0
0.0274815700545068,0.004245865389638226,-0.15624428879838193,3
0.4620116748829417,0.5226092548173034,0.4447396552004075,25
0.9307930472725323,-0.17100619441948695,-0.8287132836562614,23
0.5966720473505907,0.4249456496749193,-0.9490994359654688,78
-0.014359464068323335,0.6195484457912301,0.8965387870896944,8
-0.3006383843824696,-0.05650024825445987,-0.11019109851294195,1
0.4881818403757774,0.40690846591969776,-0.0501950148021586,16
-0.6299633412631271,0.1742819064075447,-0.9500200061922439,2
-0.28850620671737226,-0.3842763836617409,-0.8666300740956547,1
